{"cameraMode":{"drawMode":0,"name":"Shaded","section":"Shading Mode"},"sceneLighting":false,"audioPlay":false,"sceneViewState":{"m_AlwaysRefresh":false,"showFog":true,"showSkybox":false,"showFlares":false,"showImageEffects":false,"showParticleSystems":false,"showVisualEffectGraphs":false,"m_FxEnabled":true},"in2DMode":false,"pivot":{"x":4.889999866485596,"y":3.049999952316284,"z":-0.04272341728210449},"rotation":{"x":0.10656306147575379,"y":0.028642350807785989,"z":-0.0030712364241480829,"w":0.9938902854919434},"size":2.5890393257141115,"orthographic":false}