{"cameraMode":{"drawMode":0,"name":"Shaded","section":"Shading Mode"},"sceneLighting":false,"audioPlay":false,"sceneViewState":{"m_AlwaysRefresh":false,"showFog":true,"showSkybox":true,"showFlares":false,"showImageEffects":false,"showParticleSystems":false,"showVisualEffectGraphs":false,"m_FxEnabled":true},"in2DMode":false,"pivot":{"x":-0.06618976593017578,"y":-0.4030177891254425,"z":-6.580687999725342},"rotation":{"x":0.10656306147575379,"y":0.028642350807785989,"z":-0.0030712364241480829,"w":0.9938902854919434},"size":38.97184753417969,"orthographic":false}