{"cameraMode":{"drawMode":0,"name":"Shaded","section":"Shading Mode"},"sceneLighting":false,"audioPlay":false,"sceneViewState":{"m_AlwaysRefresh":false,"showFog":true,"showSkybox":true,"showFlares":false,"showImageEffects":false,"showParticleSystems":false,"showVisualEffectGraphs":false,"m_FxEnabled":true},"in2DMode":false,"pivot":{"x":595.3165283203125,"y":1141.432373046875,"z":33.7142333984375},"rotation":{"x":-0.010806594043970108,"y":0.02309379167854786,"z":-0.00024957049754448235,"w":-0.9996755123138428},"size":697.1679077148438,"orthographic":false}