{"cameraMode":{"drawMode":0,"name":"Shaded","section":"Shading Mode"},"sceneLighting":false,"audioPlay":false,"sceneViewState":{"m_AlwaysRefresh":false,"showFog":true,"showSkybox":false,"showFlares":false,"showImageEffects":false,"showParticleSystems":false,"showVisualEffectGraphs":false,"m_FxEnabled":true},"in2DMode":false,"pivot":{"x":0.0000011920928955078126,"y":0.06968200206756592,"z":-134.2867431640625},"rotation":{"x":-0.34846407175064089,"y":-0.4583352506160736,"z":0.2015601545572281,"w":-0.7923879623413086},"size":7.936343193054199,"orthographic":false}