{"cameraMode":{"drawMode":0,"name":"Shaded","section":"Shading Mode"},"sceneLighting":false,"audioPlay":false,"sceneViewState":{"m_AlwaysRefresh":false,"showFog":true,"showSkybox":false,"showFlares":false,"showImageEffects":false,"showParticleSystems":false,"showVisualEffectGraphs":false,"m_FxEnabled":true},"in2DMode":false,"pivot":{"x":0.9264069199562073,"y":1.383568525314331,"z":1.482659101486206},"rotation":{"x":0.08929925411939621,"y":-0.9003145694732666,"z":0.22061683237552644,"w":0.36441412568092348},"size":0.006244994234293699,"orthographic":false}