{"cameraMode":{"drawMode":0,"name":"Shaded","section":"Shading Mode"},"sceneLighting":false,"audioPlay":false,"sceneViewState":{"m_AlwaysRefresh":false,"showFog":true,"showSkybox":false,"showFlares":false,"showImageEffects":false,"showParticleSystems":false,"showVisualEffectGraphs":false,"m_FxEnabled":true},"in2DMode":false,"pivot":{"x":-0.2973358929157257,"y":-0.09778602421283722,"z":0.6335223913192749},"rotation":{"x":-0.0010230044135823846,"y":-0.9980065822601318,"z":0.016777636483311654,"w":-0.06084746494889259},"size":0.740938663482666,"orthographic":false}