{"cameraMode":{"drawMode":0,"name":"Shaded","section":"Shading Mode"},"sceneLighting":false,"audioPlay":false,"sceneViewState":{"m_AlwaysRefresh":false,"showFog":true,"showSkybox":false,"showFlares":false,"showImageEffects":false,"showParticleSystems":false,"showVisualEffectGraphs":false,"m_FxEnabled":true},"in2DMode":false,"pivot":{"x":-0.4470731317996979,"y":-0.41674742102622988,"z":-0.09436705708503723},"rotation":{"x":-0.09944839775562287,"y":0.8739259839057922,"z":-0.20168478786945344,"w":-0.43092843890190127},"size":1.2326833009719849,"orthographic":false}