{"cameraMode":{"drawMode":0,"name":"Shaded","section":"Shading Mode"},"sceneLighting":false,"audioPlay":false,"sceneViewState":{"m_AlwaysRefresh":false,"showFog":true,"showSkybox":false,"showFlares":false,"showImageEffects":false,"showParticleSystems":false,"showVisualEffectGraphs":false,"m_FxEnabled":true},"in2DMode":false,"pivot":{"x":-0.0000021457672119140627,"y":0.007803916931152344,"z":-28.461944580078126},"rotation":{"x":-0.12501640617847444,"y":0.8728466629981995,"z":-0.29927366971969607,"w":-0.3646165728569031},"size":7.378968238830566,"orthographic":false}